inner,gai,sphere,edeg,fenye,aliasing,texture,fitness
0.07142857142857142,0.1797813496845109,0.07142857142857142,0.18468418040445875,0.10655372806957791,0.20629639991692136,0.17982719906738828,0.49611449939400415
0.07142857142857142,0.3522760395654062,0.07142857142857142,0.1302716754041063,0.0760458265132163,0.19285401722755385,0.10569529843257446,0.46959172666389243
0.07142857142857173,0.4999999999999989,0.07142857142857162,0.07142857142857169,0.07142857142857154,0.14285714285714257,0.07142857142857206,0.4377153892725263
0.07142857142857173,0.4999999999999989,0.07142857142857162,0.07142857142857169,0.07142857142857154,0.14285714285714257,0.07142857142857206,0.4377153892725263
