inner,gai,sphere,edeg,fenye,aliasing,texture,fitness
0.06423974313906264,0.18186717012098857,0.06818829753569196,0.1867700008409364,0.10863954850605557,0.208382220353399,0.18191301950386593,0.49527121448094413
8.326672684688674e-17,0.4365792875281375,0.0,0.13976815294295802,0.09682987950021478,0.21680939416515502,0.1100132858635344,0.4307077451769754
0.0,0.6448710668561652,0.0,0.08279866172745791,0.03361444585878595,0.23172878820298942,0.006987037354625317,0.3786570598321027
0.0,0.7525558265172628,0.0,3.4416913763379853e-15,1.3877787807814457e-15,0.24744417348273232,3.694961003830599e-16,0.363802199523648
5.320010315389071e-16,0.7494942336683823,5.563105191711629e-16,1.913118054997067e-15,0.0,0.2505057663316165,0.0,0.3637783537182243
0.0,0.735673838888067,0.0,0.0,4.539268901445225e-16,0.26432616111193513,2.211211565129245e-15,0.36370108375222476
0.0,0.7211532989974551,0.0,0.0,8.72138764677333e-16,0.27884670100254905,5.7652785851737e-15,0.3636735485995811
0.0,0.7211532989974551,0.0,0.0,8.72138764677333e-16,0.27884670100254905,5.7652785851737e-15,0.3636735485995811
